bid_nodes,eps,idx,iters,loser,proc_nodes,reachable,rows,rows_bid,rows_proc,s0,s1,seconds,states0,states1,terminal,types0,types1,value
,,1,,0,,False,0,,,"(1,0,0)","(2,0,0)",,,,True,,,-1.0
,,2,,0,,True,0,,,"(1,0,0)","(2,0,1)",,,,True,,,-1.0
,,3,,0,,True,0,,,"(1,0,0)","(2,0,2)",,,,True,,,-1.0
,,4,,0,,True,0,,,"(1,0,0)","(2,1,0)",,,,True,,,-1.0
,,5,,0,,True,0,,,"(1,0,0)","(2,1,1)",,,,True,,,-1.0
,,6,,0,,True,0,,,"(1,0,0)","(2,2,0)",,,,True,,,-1.0
,,7,,0,,True,0,,,"(1,0,1)","(2,0,0)",,,,True,,,-1.0
,,8,,0,,True,0,,,"(1,0,1)","(2,0,1)",,,,True,,,-1.0
,,9,,0,,True,0,,,"(1,0,1)","(2,0,2)",,,,True,,,-1.0
,,10,,0,,True,0,,,"(1,0,1)","(2,1,0)",,,,True,,,-1.0
,,11,,0,,True,0,,,"(1,0,1)","(2,1,1)",,,,True,,,-1.0
,,12,,0,,True,0,,,"(1,0,1)","(2,2,0)",,,,True,,,-1.0
,,13,,0,,True,0,,,"(1,1,0)","(2,0,0)",,,,True,,,-1.0
,,14,,0,,True,0,,,"(1,1,0)","(2,0,1)",,,,True,,,-1.0
,,15,,0,,True,0,,,"(1,1,0)","(2,0,2)",,,,True,,,-1.0
,,16,,0,,True,0,,,"(1,1,0)","(2,1,0)",,,,True,,,-1.0
,,17,,0,,True,0,,,"(1,1,0)","(2,1,1)",,,,True,,,-1.0
,,18,,0,,True,0,,,"(1,1,0)","(2,2,0)",,,,True,,,-1.0
7,0.000816849646102645,19,75,0,14,False,244,94,150,"(2,0,0)","(1,0,0)",0.069,16,10,False,12,10,-0.006500230232947959
7,0.000858126134799111,20,200,0,14,True,194,79,115,"(2,0,0)","(1,0,1)",0.163,16,5,False,12,5,-0.0064338141550749715
7,0.0008581261347991032,21,200,0,14,True,194,79,115,"(2,0,0)","(1,1,0)",0.163,16,5,False,12,5,-0.006433814155074954
7,0.0009556332870187762,22,500,0,14,True,208,78,130,"(2,0,1)","(1,0,0)",0.412,12,10,False,8,10,-0.0010937983196677298
7,0.000989347373051646,23,325,0,14,True,158,63,95,"(2,0,1)","(1,0,1)",0.251,12,5,False,8,5,-0.0005838544044165506
7,0.0009658833657433983,24,350,0,14,True,158,63,95,"(2,0,1)","(1,1,0)",0.271,12,5,False,8,5,-0.0006673422056259135
7,0.0006245614035087499,25,75,0,14,True,136,46,90,"(2,0,2)","(1,0,0)",0.059,4,10,False,4,10,-0.9994004516329696
7,0.0005263157894739301,26,75,0,14,True,86,31,55,"(2,0,2)","(1,0,1)",0.055,4,5,False,4,5,-0.9994737457679285
7,0.000526315789473708,27,75,0,14,True,86,31,55,"(2,0,2)","(1,1,0)",0.054,4,5,False,4,5,-0.9994737149892274
7,0.0009556332870187605,28,500,0,14,True,208,78,130,"(2,1,0)","(1,0,0)",0.407,12,10,False,8,10,-0.0010937983196677645
7,0.0009658833657433966,29,350,0,14,True,158,63,95,"(2,1,0)","(1,0,1)",0.272,12,5,False,8,5,-0.0006673422056258857
7,0.0009893473730517512,30,325,0,14,True,158,63,95,"(2,1,0)","(1,1,0)",0.252,12,5,False,8,5,-0.0005838544044165749
7,0.003803715475359282,31,800,0,14,True,172,62,110,"(2,1,1)","(1,0,0)",0.624,8,10,False,4,10,-6.12828258841425e-06
7,0.002413588716643251,32,800,0,14,True,122,47,75,"(2,1,1)","(1,0,1)",0.587,8,5,False,4,5,2.2287705038883864e-06
7,0.002413588716644008,33,800,0,14,True,122,47,75,"(2,1,1)","(1,1,0)",0.585,8,5,False,4,5,2.228770503890825e-06
7,0.0006245614035088609,34,75,0,14,True,136,46,90,"(2,2,0)","(1,0,0)",0.059,4,10,False,4,10,-0.9994004516329696
7,0.000526315789473708,35,75,0,14,True,86,31,55,"(2,2,0)","(1,0,1)",0.054,4,5,False,4,5,-0.9994737149892274
7,0.000526315789473597,36,75,0,14,True,86,31,55,"(2,2,0)","(1,1,0)",0.054,4,5,False,4,5,-0.9994737457679288
7,0.0007725836710041978,37,175,1,14,False,244,94,150,"(1,0,0)","(2,0,0)",0.154,10,16,False,10,12,0.006370369050501683
7,0.0009939944526254122,38,475,1,14,True,208,78,130,"(1,0,0)","(2,0,1)",0.388,10,12,False,10,8,0.0010429844091791604
7,0.0004807017543858594,39,75,1,14,True,136,46,90,"(1,0,0)","(2,0,2)",0.059,10,4,False,10,4,0.9996035087719297
7,0.0009939944526254547,40,475,1,14,True,208,78,130,"(1,0,0)","(2,1,0)",0.39,10,12,False,10,8,0.0010429844091791284
7,0.0030857144713683417,41,800,1,14,True,172,62,110,"(1,0,0)","(2,1,1)",0.624,10,8,False,10,4,-2.441455926093182e-06
7,0.00048070175438574836,42,75,1,14,True,136,46,90,"(1,0,0)","(2,2,0)",0.061,10,4,False,10,4,0.9996035087719297
7,0.0008335215734059116,43,225,1,14,True,194,79,115,"(1,0,1)","(2,0,0)",0.19,5,16,False,5,12,0.006387736534037669
7,0.0009814789688989013,44,475,1,14,True,158,63,95,"(1,0,1)","(2,0,1)",0.37,5,12,False,5,8,0.0006024437026223581
7,0.0005263157894738191,45,75,1,14,True,86,31,55,"(1,0,1)","(2,0,2)",0.054,5,4,False,5,4,0.9996491228070176
7,0.0009742882596167454,46,350,1,14,True,158,63,95,"(1,0,1)","(2,1,0)",0.269,5,12,False,5,8,0.0006695805267338539
7,0.003011051030242579,47,800,1,14,True,122,47,75,"(1,0,1)","(2,1,1)",0.584,5,8,False,5,4,1.025726053583341e-06
7,0.0005263157894738191,48,75,1,14,True,86,31,55,"(1,0,1)","(2,2,0)",0.054,5,4,False,5,4,0.9995614035087719
7,0.0008335215734058578,49,225,1,14,True,194,79,115,"(1,1,0)","(2,0,0)",0.183,5,16,False,5,12,0.006387736534037679
7,0.0009742882596167472,50,350,1,14,True,158,63,95,"(1,1,0)","(2,0,1)",0.27,5,12,False,5,8,0.0006695805267338747
7,0.000526315789473708,51,75,1,14,True,86,31,55,"(1,1,0)","(2,0,2)",0.054,5,4,False,5,4,0.9995614035087718
7,0.00098147896889898,52,475,1,14,True,158,63,95,"(1,1,0)","(2,1,0)",0.37,5,12,False,5,8,0.0006024437026223319
7,0.0030110510302411224,53,800,1,14,True,122,47,75,"(1,1,0)","(2,1,1)",0.589,5,8,False,5,4,1.0257260535899184e-06
7,0.000526315789473597,54,75,1,14,True,86,31,55,"(1,1,0)","(2,2,0)",0.055,5,4,False,5,4,0.9996491228070176
,,55,,1,,False,0,,,"(2,0,0)","(1,0,0)",,,,True,,,1.0
,,56,,1,,True,0,,,"(2,0,0)","(1,0,1)",,,,True,,,1.0
,,57,,1,,True,0,,,"(2,0,0)","(1,1,0)",,,,True,,,1.0
,,58,,1,,True,0,,,"(2,0,1)","(1,0,0)",,,,True,,,1.0
,,59,,1,,True,0,,,"(2,0,1)","(1,0,1)",,,,True,,,1.0
,,60,,1,,True,0,,,"(2,0,1)","(1,1,0)",,,,True,,,1.0
,,61,,1,,True,0,,,"(2,0,2)","(1,0,0)",,,,True,,,1.0
,,62,,1,,True,0,,,"(2,0,2)","(1,0,1)",,,,True,,,1.0
,,63,,1,,True,0,,,"(2,0,2)","(1,1,0)",,,,True,,,1.0
,,64,,1,,True,0,,,"(2,1,0)","(1,0,0)",,,,True,,,1.0
,,65,,1,,True,0,,,"(2,1,0)","(1,0,1)",,,,True,,,1.0
,,66,,1,,True,0,,,"(2,1,0)","(1,1,0)",,,,True,,,1.0
,,67,,1,,True,0,,,"(2,1,1)","(1,0,0)",,,,True,,,1.0
,,68,,1,,True,0,,,"(2,1,1)","(1,0,1)",,,,True,,,1.0
,,69,,1,,True,0,,,"(2,1,1)","(1,1,0)",,,,True,,,1.0
,,70,,1,,True,0,,,"(2,2,0)","(1,0,0)",,,,True,,,1.0
,,71,,1,,True,0,,,"(2,2,0)","(1,0,1)",,,,True,,,1.0
,,72,,1,,True,0,,,"(2,2,0)","(1,1,0)",,,,True,,,1.0
